[
	{
		"title": " The Essential Need for 5G",
		"img": "https://www.technewsworld.com/article_images/story_graphics_xlarge/xl-2020-5g-1.jpg"
	},

	{
		"title": " Apple Takes Chipset Matters Into Its Own Hands",
		"img": "https://www.technewsworld.com/article_images/story_graphics_xlarge/xl-2020-apple-next-gen-macs-m1-1.jpg"
	},

	{
		"title": "VR Consumer Spending Growth Driven by Headsets: Report",
		"img": "https://www.technewsworld.com/article_images/story_graphics_xlarge/xl-2020-oculus-quest2-1.jpg"
	},

	{
		"title": "Apple Finally Reveals 5G iPhones ... and HomePod Mini",
		"img": "https://www.technewsworld.com/article_images/story_graphics_xlarge/xl-2020-iphone12-mini-1.jpg"
	},

	{
		"title": "Nvidia  Arm Will Dramatically Change the Technology Landscape",
		"img": "https://www.technewsworld.com/article_images/story_graphics_xlarge/xl-2020-nvidia-arm-1.jpg"
	},

	{
		"title": "Mercedes + Nvidia Could Catch Tesla and Create a Truly Smart Car",
		"img": "https://www.technewsworld.com/article_images/story_graphics_xlarge/xl-2020-mercedes-nvidia-1.jpg"
	},

	{
		"title": "Will Apple's AR Glasses Be Ready for Spring 2021 Debut?",
		"img": "https://www.technewsworld.com/article_images/story_graphics_xlarge/xl-2020-ar-glasses-1.jpg"
	}
]
