[
	{
		"id": 1,
		"name": "Iphone 12 Pro Max",
		"price": 1399,
		"specs": {
			"manufacturer": "Apple",
			"storage": 16,
			"os": "Android",
			"camera": 15
		},
		"rating": 5,
		"image": {
			"small": "",
			"large": "https://affordablephonesng.com/ap/wp-content/uploads/2019/09/apple-iphone-11-pro-MAX.jpg"
		}
	},
	{
		"id": 2,
		"name": "Iphone 6",
		"price": 899,
		"specs": {
			"manufacturer": "Apple",
			"storage": 16,
			"os": "iOS",
			"camera": 8
		},
		"description": "Lorem ipsum dolor sit amet, consectetur adipiscing elit. Nullam tristique ipsum in efficitur pharetra. Maecenas luctus ante in neque maximus, sed viverra sem posuere. Vestibulum lectus nisi, laoreet vel suscipit nec, feugiat at odio. Etiam eget tellus arcu.",
		"rating": 4,
		"image": {
			"small": "assets/images/iphone6.jpg",
			"large": "assets/images/iphone6-large.jpg"
		}
	},
	{
		"id": 3,
		"name": "HTC One M8",
		"price": 899,
		"specs": {
			"manufacturer": "HTC",
			"storage": 32,
			"os": "Android",
			"camera": 5
		},
		"description": "Lorem ipsum dolor sit amet, consectetur adipiscing elit. Nullam tristique ipsum in efficitur pharetra. Maecenas luctus ante in neque maximus, sed viverra sem posuere. Vestibulum lectus nisi, laoreet vel suscipit nec, feugiat at odio. Etiam eget tellus arcu.",
		"rating": 4,
		"image": {
			"small": "assets/images/htc-one.jpg",
			"large": "assets/images/htc-one-large.jpg"
		}
	},
	{
		"id": 4,
		"name": "Galaxy Alpha",
		"price": 899,
		"specs": {
			"manufacturer": "Samsung",
			"storage": 32,
			"os": "Android",
			"camera": 12
		},
		"description": "Lorem ipsum dolor sit amet, consectetur adipiscing elit. Nullam tristique ipsum in efficitur pharetra. Maecenas luctus ante in neque maximus, sed viverra sem posuere. Vestibulum lectus nisi, laoreet vel suscipit nec, feugiat at odio. Etiam eget tellus arcu.",
		"rating": 4,
		"image": {
			"small": "assets/images/galaxy-alpha.jpg",
			"large": "assets/images/galaxy-alpha-large.jpg"
		}
	},
	{
		"id": 5,
		"name": "Nokia Lumia",
		"price": 450,
		"specs": {
			"manufacturer": "Nokia",
			"storage": 16,
			"os": "Windows",
			"camera": 5
		},
		"description": "Lorem ipsum dolor sit amet, consectetur adipiscing elit. Nullam tristique ipsum in efficitur pharetra. Maecenas luctus ante in neque maximus, sed viverra sem posuere. Vestibulum lectus nisi, laoreet vel suscipit nec, feugiat at odio. Etiam eget tellus arcu.",
		"rating": 4,
		"image": {
			"small": "assets/images/nokia-lumia.jpg",
			"large": "assets/images/nokia-lumia-large.jpg"
		}
	},
	{
		"id": 6,
		"name": "Zte Nubia",
		"price": 399,
		"specs": {
			"manufacturer": "ZTE",
			"storage": 32,
			"os": "Android",
			"camera": 12
		},
		"description": "Lorem ipsum dolor sit amet, consectetur adipiscing elit. Nullam tristique ipsum in efficitur pharetra. Maecenas luctus ante in neque maximus, sed viverra sem posuere. Vestibulum lectus nisi, laoreet vel suscipit nec, feugiat at odio. Etiam eget tellus arcu.",
		"rating": 4,
		"image": {
			"small": "assets/images/zte-nubia.jpg",
			"large": "assets/images/zte-nubia-large.jpg"
		}
	},
	{
		"id": 7,
		"name": "Samsung Galaxy S5",
		"price": 399,
		"specs": {
			"manufacturer": "Samsung",
			"storage": 16,
			"os": "Android",
			"camera": 15
		},
		"description": "Lorem ipsum dolor sit amet, consectetur adipiscing elit. Nullam tristique ipsum in efficitur pharetra. Maecenas luctus ante in neque maximus, sed viverra sem posuere. Vestibulum lectus nisi, laoreet vel suscipit nec, feugiat at odio. Etiam eget tellus arcu.",
		"rating": 4,
		"image": {
			"small": "assets/images/galaxy-s5.jpg",
			"large": "assets/images/galaxy-s5-large.jpg"
		}
	},
	{
		"id": 8,
		"name": "Iphone 5S",
		"price": 399,
		"specs": {
			"manufacturer": "Apple",
			"storage": 16,
			"os": "iOS",
			"camera": 8
		},
		"description": "Lorem ipsum dolor sit amet, consectetur adipiscing elit. Nullam tristique ipsum in efficitur pharetra. Maecenas luctus ante in neque maximus, sed viverra sem posuere. Vestibulum lectus nisi, laoreet vel suscipit nec, feugiat at odio. Etiam eget tellus arcu.",
		"rating": 4,
		"image": {
			"small": "assets/images/iphone5s.jpg",
			"large": "assets/images/iphone5s-large.jpg"
		}
	}
]
